nodeTotal, psuTotal, totalTime
32164.280487804877,34215.75,111
32321.30487804878,34618.125,111
32366.530120481926,34756.875,111
32241.43902439024,34257.375,111
32215.615384615383,34178.75,111
