nodeTotal, psuTotal, totalTime
23600.91534391534,12324.573529411766,247
23426.043689320388,12188.75,245
23519.397260273974,12384.92857142857,246
24416.82323232323,11904.027777777777,247
23514.0,12761.25,246
