nodeTotal, psuTotal, totalTime
17038.8,9660.0,180
17016.923076923074,9392.142857142857,180
