dcmiTotal, influxTotal, totalTime
41834.482758620696,45645.0,120
42890.63829787234,45254.0,121
40997.18072289157,44943.25,118
42946.84269662922,45647.25,121
41403.97752808989,45353.875,119
