nodeTotal, psuTotal, totalTime
20788.714285714286,14437.5,126
19565.327102803738,21719.25,126
20802.833333333332,21779.1,126
19712.48275862069,22254.75,126
20775.869158878504,21829.5,126
